{
	"format_version": "1.12.0",
	"minecraft:geometry": [
		{
			"description": {
				"identifier": "geometry.unknown",
				"texture_width": 64,
				"texture_height": 64,
				"visible_bounds_width": 5,
				"visible_bounds_height": 2.5,
				"visible_bounds_offset": [0, 0.75, 0]
			},
			"bones": [
				{
					"name": "positioning",
					"pivot": [-3.025, -8.95, -11.225]
				},
				{
					"name": "ground",
					"parent": "positioning",
					"pivot": [-8, 1.175, 4.05]
				},
				{
					"name": "fixed",
					"parent": "positioning",
					"pivot": [1.1, 8.425, 3.175],
					"rotation": [0, 90, 0]
				},
				{
					"name": "thirdperson_hand",
					"parent": "positioning",
					"pivot": [-8.00386, 7.225, 8.25755]
				},
				{
					"name": "lod",
					"pivot": [0, 0, 0],
					"cubes": [
						{
							"origin": [-8.5, 7.3125, 12.9375],
							"size": [1, 1.6875, 3.0625],
							"uv": {
								"north": {"uv": [20, 43], "uv_size": [1, 1.5]},
								"east": {"uv": [13, 34], "uv_size": [3, 1.5]},
								"south": {"uv": [22, 43], "uv_size": [1, 1.5]},
								"west": {"uv": [34, 28], "uv_size": [3, 1.5]},
								"up": {"uv": [34, 37], "uv_size": [1, 3]},
								"down": {"uv": [36, 40], "uv_size": [1, -3]}
							}
						},
						{
							"origin": [-8.6875, 7.375, 11.8125],
							"size": [1.4375, 1.875, 1.125],
							"uv": {
								"north": {"uv": [5, 38], "uv_size": [1.5, 2]},
								"east": {"uv": [41, 37], "uv_size": [1, 2]},
								"south": {"uv": [23, 38], "uv_size": [1.5, 2]},
								"west": {"uv": [41, 40], "uv_size": [1, 2]},
								"up": {"uv": [43, 35], "uv_size": [1.5, 1]},
								"down": {"uv": [37, 44], "uv_size": [1.5, -1]}
							}
						},
						{
							"origin": [-8.6875, -2.0625, 10.4375],
							"size": [1.4375, 4.3125, 2.125],
							"pivot": [0, 0, 0],
							"rotation": [22.5, 0, 0],
							"uv": {
								"north": {"uv": [33, 4], "uv_size": [1.5, 4.5]},
								"east": {"uv": [26, 26], "uv_size": [2, 4.5]},
								"south": {"uv": [8, 34], "uv_size": [1.5, 4.5]},
								"west": {"uv": [27, 6], "uv_size": [2, 4.5]},
								"up": {"uv": [38, 28], "uv_size": [1.5, 2]},
								"down": {"uv": [38, 39], "uv_size": [1.5, -2]}
							}
						},
						{
							"origin": [-8.6875, 6.07299, 8.34445],
							"size": [1.4375, 1.1875, 2.75],
							"inflate": 0.001,
							"uv": {
								"north": {"uv": [43, 37], "uv_size": [1.5, 1]},
								"east": {"uv": [39, 4], "uv_size": [3, 1]},
								"south": {"uv": [43, 39], "uv_size": [1.5, 1]},
								"west": {"uv": [39, 6], "uv_size": [3, 1]},
								"up": {"uv": [34, 31], "uv_size": [1.5, 3]},
								"down": {"uv": [0, 38], "uv_size": [1.5, -3]}
							}
						},
						{
							"origin": [-8.375, 5.82299, 4.46945],
							"size": [0.75, 1.875, 3.875],
							"uv": {
								"north": {"uv": [0, 42], "uv_size": [1, 2]},
								"east": {"uv": [14, 31], "uv_size": [4, 2]},
								"south": {"uv": [42, 22], "uv_size": [1, 2]},
								"west": {"uv": [0, 32], "uv_size": [4, 2]},
								"up": {"uv": [3, 35], "uv_size": [1, 4]},
								"down": {"uv": [21, 39], "uv_size": [1, -4]}
							}
						},
						{
							"origin": [-8.5, 8.5625, 16],
							"size": [1, 0.4375, 7.1875],
							"uv": {
								"north": {"uv": [23, 46], "uv_size": [1, 0.5]},
								"east": {"uv": [37, 31], "uv_size": [7, 0.5]},
								"south": {"uv": [46, 24], "uv_size": [1, 0.5]},
								"west": {"uv": [37, 33], "uv_size": [7, 0.5]},
								"up": {"uv": [32, 26], "uv_size": [1, 7]},
								"down": {"uv": [28, 39], "uv_size": [1, -7]}
							}
						},
						{
							"origin": [-8.5, 4.3125, 23.1875],
							"size": [1, 4.6875, 0.5625],
							"uv": {
								"north": {"uv": [17, 34], "uv_size": [1, 4.5]},
								"east": {"uv": [6, 41], "uv_size": [0.5, 4.5]},
								"south": {"uv": [32, 34], "uv_size": [1, 4.5]},
								"west": {"uv": [26, 41], "uv_size": [0.5, 4.5]},
								"up": {"uv": [46, 26], "uv_size": [1, 0.5]},
								"down": {"uv": [28, 46.5], "uv_size": [1, -0.5]}
							}
						},
						{
							"origin": [-8.5, 14.4375, 13.75],
							"size": [1, 0.5625, 8.0625],
							"pivot": [0, 5.875, -3],
							"rotation": [-22.5, 0, 0],
							"uv": {
								"north": {"uv": [46, 28], "uv_size": [1, 0.5]},
								"east": {"uv": [35, 20], "uv_size": [8, 0.5]},
								"south": {"uv": [30, 46], "uv_size": [1, 0.5]},
								"west": {"uv": [34, 35], "uv_size": [8, 0.5]},
								"up": {"uv": [19, 31], "uv_size": [1, 8]},
								"down": {"uv": [26, 40], "uv_size": [1, -8]}
							}
						},
						{
							"origin": [-8.875, 7.75, 3.9375],
							"size": [1.75, 1.625, 8.125],
							"uv": {
								"north": {"uv": [0, 39], "uv_size": [2, 1.5]},
								"east": {"uv": [26, 16], "uv_size": [8, 1.5]},
								"south": {"uv": [39, 22], "uv_size": [2, 1.5]},
								"west": {"uv": [26, 19], "uv_size": [8, 1.5]},
								"up": {"uv": [8, 25], "uv_size": [2, 8]},
								"down": {"uv": [11, 33], "uv_size": [2, -8]}
							}
						},
						{
							"origin": [-8.875, 7.3125, 7.125],
							"size": [1.75, 0.5, 4.9375],
							"uv": {
								"north": {"uv": [44, 20], "uv_size": [2, 0.5]},
								"east": {"uv": [39, 8], "uv_size": [5, 0.5]},
								"south": {"uv": [44, 22], "uv_size": [2, 0.5]},
								"west": {"uv": [41, 12], "uv_size": [5, 0.5]},
								"up": {"uv": [14, 25], "uv_size": [2, 5]},
								"down": {"uv": [17, 30], "uv_size": [2, -5]}
							}
						},
						{
							"origin": [-8.875, 8.5, -0.375],
							"size": [1.75, 0.875, 4.25],
							"uv": {
								"north": {"uv": [43, 4], "uv_size": [2, 1]},
								"east": {"uv": [35, 16], "uv_size": [4.5, 1]},
								"south": {"uv": [43, 6], "uv_size": [2, 1]},
								"west": {"uv": [35, 18], "uv_size": [4.5, 1]},
								"up": {"uv": [29, 26], "uv_size": [2, 4.5]},
								"down": {"uv": [30, 10.5], "uv_size": [2, -4.5]}
							}
						},
						{
							"origin": [-8.6875, 8.75, -6.375],
							"size": [1.375, 1.75, 17.25],
							"inflate": 0.001,
							"uv": {
								"north": {"uv": [8, 40], "uv_size": [1.5, 2]},
								"east": {"uv": [0, 0], "uv_size": [17.5, 2]},
								"south": {"uv": [13, 40], "uv_size": [1.5, 2]},
								"west": {"uv": [0, 3], "uv_size": [17.5, 2]},
								"up": {"uv": [8, 6], "uv_size": [1.5, 17.5]},
								"down": {"uv": [11, 23.5], "uv_size": [1.5, -17.5]}
							}
						},
						{
							"origin": [-8.8125, 10.9375, -7.4375],
							"size": [0.875, 0.875, 0.8125],
							"pivot": [-8, 11, -10.75],
							"rotation": [0, 0, 45],
							"uv": {
								"north": {"uv": [44, 24], "uv_size": [1, 1]},
								"east": {"uv": [28, 44], "uv_size": [1, 1]},
								"south": {"uv": [44, 28], "uv_size": [1, 1]},
								"west": {"uv": [30, 44], "uv_size": [1, 1]},
								"up": {"uv": [32, 44], "uv_size": [1, 1]},
								"down": {"uv": [34, 45], "uv_size": [1, -1]}
							}
						},
						{
							"origin": [-8.5625, 10.40533, -1.4375],
							"size": [1.125, 0.875, 0.8125],
							"pivot": [-8, 10.84283, -1.03125],
							"rotation": [45, 0, 0],
							"uv": {
								"north": {"uv": [0, 45], "uv_size": [1, 1]},
								"east": {"uv": [8, 45], "uv_size": [1, 1]},
								"south": {"uv": [45, 8], "uv_size": [1, 1]},
								"west": {"uv": [45, 10], "uv_size": [1, 1]},
								"up": {"uv": [13, 45], "uv_size": [1, 1]},
								"down": {"uv": [45, 15], "uv_size": [1, -1]}
							}
						},
						{
							"origin": [-8.5625, 10.40533, 7.6875],
							"size": [1.125, 0.9375, 0.875],
							"pivot": [-8, 10.84283, 8.09375],
							"rotation": [45, 0, 0],
							"uv": {
								"north": {"uv": [45, 16], "uv_size": [1, 1]},
								"east": {"uv": [45, 18], "uv_size": [1, 1]},
								"south": {"uv": [45, 30], "uv_size": [1, 1]},
								"west": {"uv": [45, 32], "uv_size": [1, 1]},
								"up": {"uv": [36, 45], "uv_size": [1, 1]},
								"down": {"uv": [38, 46], "uv_size": [1, -1]}
							}
						},
						{
							"origin": [-8.5625, 10.84911, 9.94378],
							"size": [1.125, 0.5625, 0.5],
							"pivot": [-8, 11.28661, 9.97503],
							"rotation": [45, 0, 0],
							"uv": {
								"north": {"uv": [32, 46], "uv_size": [1, 0.5]},
								"east": {"uv": [2, 47], "uv_size": [0.5, 0.5]},
								"south": {"uv": [34, 46], "uv_size": [1, 0.5]},
								"west": {"uv": [4, 47], "uv_size": [0.5, 0.5]},
								"up": {"uv": [46, 34], "uv_size": [1, 0.5]},
								"down": {"uv": [46, 36.5], "uv_size": [1, -0.5]}
							}
						},
						{
							"origin": [-8.5625, 10.24621, 8.11585],
							"size": [1.125, 1.0625, 2.5],
							"inflate": 0.001,
							"uv": {
								"north": {"uv": [40, 45], "uv_size": [1, 1]},
								"east": {"uv": [41, 14], "uv_size": [2.5, 1]},
								"south": {"uv": [45, 43], "uv_size": [1, 1]},
								"west": {"uv": [41, 16], "uv_size": [2.5, 1]},
								"up": {"uv": [28, 40], "uv_size": [1, 2.5]},
								"down": {"uv": [32, 42.5], "uv_size": [1, -2.5]}
							}
						},
						{
							"origin": [-8.9375, 8.4375, -9.4375],
							"size": [1.125, 1.125, 1.8125],
							"pivot": [-8, 8.625, -12.75],
							"rotation": [0, 0, 45],
							"uv": {
								"north": {"uv": [45, 45], "uv_size": [1, 1]},
								"east": {"uv": [8, 43], "uv_size": [2, 1]},
								"south": {"uv": [46, 4], "uv_size": [1, 1]},
								"west": {"uv": [13, 43], "uv_size": [2, 1]},
								"up": {"uv": [16, 43], "uv_size": [1, 2]},
								"down": {"uv": [18, 45], "uv_size": [1, -2]}
							}
						},
						{
							"origin": [-8.8125, 8.625, -7.6875],
							"size": [0.75, 0.8125, 1.3125],
							"pivot": [-8, 8.625, -12.75],
							"rotation": [0, 0, 45],
							"uv": {
								"north": {"uv": [46, 6], "uv_size": [1, 1]},
								"east": {"uv": [40, 43], "uv_size": [1.5, 1]},
								"south": {"uv": [10, 46], "uv_size": [1, 1]},
								"west": {"uv": [43, 41], "uv_size": [1.5, 1]},
								"up": {"uv": [24, 43], "uv_size": [1, 1.5]},
								"down": {"uv": [43, 44.5], "uv_size": [1, -1.5]}
							}
						},
						{
							"origin": [-8.6875, 9.96402, 0.1941],
							"size": [1.375, 1.75, 1.5625],
							"pivot": [0, -1.78598, 4.0691],
							"rotation": [-45, 0, 0],
							"uv": {
								"north": {"uv": [16, 40], "uv_size": [1.5, 2]},
								"east": {"uv": [19, 40], "uv_size": [1.5, 2]},
								"south": {"uv": [38, 40], "uv_size": [1.5, 2]},
								"west": {"uv": [3, 41], "uv_size": [1.5, 2]},
								"up": {"uv": [41, 28], "uv_size": [1.5, 1.5]},
								"down": {"uv": [34, 42.5], "uv_size": [1.5, -1.5]}
							}
						},
						{
							"origin": [-8.4375, 10.5, -6.375],
							"size": [0.875, 0.5625, 17.25],
							"uv": {
								"north": {"uv": [46, 38], "uv_size": [1, 0.5]},
								"east": {"uv": [32, 0], "uv_size": [17.5, 0.5]},
								"south": {"uv": [46, 40], "uv_size": [1, 0.5]},
								"west": {"uv": [32, 2], "uv_size": [17.5, 0.5]},
								"up": {"uv": [6, 19], "uv_size": [1, 17.5]},
								"down": {"uv": [20, 29.5], "uv_size": [1, -17.5]}
							}
						},
						{
							"origin": [-8.25, 9.625, -7.4375],
							"size": [0.5, 1.5625, 1.0625],
							"uv": {
								"north": {"uv": [19, 46], "uv_size": [0.5, 1.5]},
								"east": {"uv": [2, 44], "uv_size": [1, 1.5]},
								"south": {"uv": [21, 46], "uv_size": [0.5, 1.5]},
								"west": {"uv": [4, 44], "uv_size": [1, 1.5]},
								"up": {"uv": [42, 46], "uv_size": [0.5, 1]},
								"down": {"uv": [0, 48], "uv_size": [0.5, -1]}
							}
						},
						{
							"origin": [-9.10485, 9.75758, -6.375],
							"size": [0.97227, 0.97227, 17.25],
							"pivot": [-8, 9.625, -3.78125],
							"rotation": [0, 0, 45],
							"uv": {
								"north": {"uv": [15, 46], "uv_size": [1, 1]},
								"east": {"uv": [22, 12], "uv_size": [17.5, 1]},
								"south": {"uv": [17, 46], "uv_size": [1, 1]},
								"west": {"uv": [22, 14], "uv_size": [17.5, 1]},
								"up": {"uv": [22, 16], "uv_size": [1, 17.5]},
								"down": {"uv": [24, 33.5], "uv_size": [1, -17.5]}
							}
						},
						{
							"origin": [-9.25, 6.8125, -7.8125],
							"size": [2.5, 0.75, 11.9375],
							"inflate": 0.001,
							"uv": {
								"north": {"uv": [41, 18], "uv_size": [2.5, 1]},
								"east": {"uv": [26, 22], "uv_size": [12, 1]},
								"south": {"uv": [22, 41], "uv_size": [2.5, 1]},
								"west": {"uv": [26, 24], "uv_size": [12, 1]},
								"up": {"uv": [0, 6], "uv_size": [2.5, 12]},
								"down": {"uv": [4, 18], "uv_size": [2.5, -12]}
							}
						},
						{
							"origin": [-9.35095, 5.81878, -7.8125],
							"size": [1.76777, 1.76777, 11.9375],
							"pivot": [-8.10095, 6.19378, -1.65625],
							"rotation": [0, 0, 45],
							"uv": {
								"north": {"uv": [23, 35], "uv_size": [2, 2]},
								"east": {"uv": [14, 6], "uv_size": [12, 2]},
								"south": {"uv": [36, 4], "uv_size": [2, 2]},
								"west": {"uv": [14, 9], "uv_size": [12, 2]},
								"up": {"uv": [14, 12], "uv_size": [2, 12]},
								"down": {"uv": [17, 24], "uv_size": [2, -12]}
							}
						},
						{
							"origin": [-9.35095, 6.56878, -7.8125],
							"size": [1.76777, 1.76777, 11.9375],
							"pivot": [-8.10095, 6.94378, -1.65625],
							"rotation": [0, 0, 45],
							"uv": {
								"north": {"uv": [36, 7], "uv_size": [2, 2]},
								"east": {"uv": [19, 0], "uv_size": [12, 2]},
								"south": {"uv": [13, 37], "uv_size": [2, 2]},
								"west": {"uv": [19, 3], "uv_size": [12, 2]},
								"up": {"uv": [0, 19], "uv_size": [2, 12]},
								"down": {"uv": [3, 31], "uv_size": [2, -12]}
							}
						},
						{
							"origin": [-8.77692, 8.91724, 12.9375],
							"size": [0.70711, 0.70711, 10.8125],
							"pivot": [-8.53856, 8.62435, 18.0625],
							"rotation": [0, 0, 45],
							"uv": {
								"north": {"uv": [6, 47], "uv_size": [0.5, 0.5]},
								"east": {"uv": [33, 10], "uv_size": [11, 0.5]},
								"south": {"uv": [8, 47], "uv_size": [0.5, 0.5]},
								"west": {"uv": [34, 26], "uv_size": [11, 0.5]},
								"up": {"uv": [30, 32], "uv_size": [0.5, 11]},
								"down": {"uv": [11, 45], "uv_size": [0.5, -11]}
							}
						}
					]
				}
			]
		}
	]
}