{
  "ammo": "tacz:12g",

  "ammo_amount": 5,
  "bolt": "manual_action",
  "rpm": 140,
  "bullet": {
    // 寿命，单位秒
    "life": 1.2,
    // 用于霰弹，默认为 1，每发的伤害 / bullet_amount，每次射击扣除一发子弹
    "bullet_amount": 8,
    // 伤害
    "damage": 30,
    // 曳光弹间隔数量，没有此字段则不发射曳光弹
    // 设置为 0 则是每发都是曳光弹
    "tracer_count_interval": 0,
    // 额外伤害的内容，为空则表示没有任何额外伤害计算内容
    "extra_damage": {
      // 护甲穿透率，默认为 0，也就是没有穿甲伤害
      "armor_ignore": 0.1,
      // 爆头伤害 x1.5
      "head_shot_multiplier": 1.5,
      // 距离-伤害分段常函数
      "damage_adjust": [
        {"distance": 1.5, "damage": 35},
        {"distance": 15, "damage": 30},
        {"distance": 30, "damage": 25},
        {"distance": "infinite", "damage": 15}
      ]
    },
    // 速度 m/s
    "speed": 200,
    // 重力
    "gravity": 0.0245,
    // 击退效果
    "knockback": 0,
    // 阻力
    "friction": 0.008,
    // 点燃目标
    "ignite": false,
    // 穿透数
    "pierce": 1
    // 是否爆炸，没有此字段时为 false
    //"explosion": {
    //  "radius": 5
    //}
  },
  "reload": {
    "type": "magazine",
    "feed": {
      "empty": 1.63,
      "tactical": 1.08
    },
    "cooldown": {
      "empty": 2.5417,
      "tactical": 2.0417
    }
  },
  "draw_time": 0.5,
  "put_away_time": 0.4,
  "aim_time": 0.2,
  "sprint_time": 0.3,
  "bolt_action_time": 0.375,
  "fire_mode": [
    "semi"
  ],
  "recoil": {
    "pitch": [
      {"time": 0, "value": [1.95, 1.95]},
      {"time": 0.26, "value": [1.95, 1.95]},
      {"time": 0.45, "value": [-0.35, -0.35]},
      {"time": 0.75, "value": [0.1, 0.1]},
      {"time": 1.02, "value": [0, 0]},
      {"time": 1.21, "value": [0, 0]}
    ],
    "yaw": [
      {"time": 0, "value": [-0.6, -0.5]},
      {"time": 0.32, "value": [-0.6, -0.5]},
      {"time": 0.57, "value": [0, 0]}
    ]
  },
  "inaccuracy": {
    "stand": 2.45,
    "move": 2.65,
    "sneak": 2.35,
    "lie": 2.3,
    "aim": 2.25
  },
  "move_speed": {
    "base": 0.76,
    // 瞄准情况
    "aim": 0.52
  },
  // 开放的配件槽。未指定的槽位默认关闭。全部配件槽类型有:
  // scope, stock, muzzle, grip, laser, extended_mag
  "allow_attachment_types": [
    "muzzle"
  ]
}