{
  "ammo": "tacz:308",
  "ammo_amount": 20,
  "extended_mag_ammo_amount": [
    25,
    25,
    25
  ],
  "bolt": "closed_bolt",
  "rpm": 200,
  "bullet": {
    "life": 0.8,
    "bullet_amount": 1,
    "damage": 12,
    "tracer_count_interval": 0,
    "extra_damage": {
      "armor_ignore": 0.5,
      "head_shot_multiplier": 2.25,
      "damage_adjust": [
        {"distance": 5, "damage": 13.5},
        {"distance": 25, "damage": 12},
        {"distance": 45, "damage": 11.25},
        {"distance": 80, "damage": 10.3},
        {"distance": "infinite", "damage": 9.15}
      ]
    },
    "speed": 270,
    "gravity": 0.0245,
    "knockback": 0,
    "friction": 0.012,
    "ignite": false,
    "pierce": 2
  },
  "reload": {
    "type": "magazine",
    "feed": {
      "empty": 2.7,
      "tactical": 1.55
    },
    "cooldown": {
      "empty": 3.15,
      "tactical": 2.05
    }
  },
  "draw_time": 0.5,
  "put_away_time": 0.5,
  "aim_time": 0.15,
  "sprint_time": 0.25,
  "fire_mode": [
    "semi",
    "auto"
  ],
  "recoil": {
    "pitch": [
      {"time": 0, "value": [1.55, 1.55]},
      {"time": 0.3, "value": [1.55, 1.55]},
      {"time": 0.55, "value": [0.425, 0.425]},
      {"time": 0.7, "value": [0.55, 0.55]}
    ],
    "yaw": [
      {"time": 0, "value": [-0.45, -0.35]},
      {"time": 0.2, "value": [0, 0]},
      {"time": 0.5, "value": [0, 0]}
    ]
  },
  "inaccuracy": {
    "stand": 1.25,
    "move": 1.8,
    "sneak": 1.2,
    "lie": 1,
    "aim": 0.05
  },
  "allow_attachment_types": [
    "scope",
    "stock"
  ],
  "exclusive_attachments": {
    "tacz:scope_standard_8x": {
      "weight": 2.0,
      "ads_addend": 0.04,
      "inaccuracy_addend": -0.4,
      "recoil_modifier": {
        "pitch": -0.2,
        "yaw": -0.1
      }
    }
  }
}